timestamp,pair,mode,family,family_name,score,url,return_pct,drawdown_pct,total_orders,sharpe,win_rate_pct,start_equity,end_equity,entries,exit_stop_loss,exit_take_profit,exit_end_of_session,exit_max_hold,param_atr_period,param_stop_atr_mult,param_reward_ratio,param_max_hold_bars,param_cooldown_bars,param_risk_per_trade_pct,param_crsi_period,param_crsi_entry,param_crsi_entry_short,param_trend_ema_period,param_exit_sma_period,train_score,validation_score
2026-03-15T15:58:18,AAPL,train,3,Connors RSI (2-Period),-1.8620000000000003,https://www.quantconnect.com/project/28936477/0623dfdfb84bd1a3359d0016cfd4e2e3,0.865,2.0,405.0,-0.909,58.0,10000.0,10086.47,132.0,49.0,74.0,,9.0,10,2.5,1.0,30,8,0.15,3,20,85,150,3,,
2026-03-15T15:58:22,AAPL,train,3,Connors RSI (2-Period),0.5270000000000001,https://www.quantconnect.com/project/28936477/38eed65c41118df199ca34f81d3f9e0a,1.499,3.8,131.0,-0.324,37.0,10000.0,10149.94,42.0,25.0,11.0,,5.0,20,3.0,2.5,96,8,0.35,3,10,90,100,8,,
2026-03-15T15:59:12,AAPL,train,3,Connors RSI (2-Period),0.6200000000000001,https://www.quantconnect.com/project/28936477/a8d7636d9c37d3b7e710056e2d4c33d6,2.039,1.3,171.0,-0.473,60.0,10000.0,10203.92,57.0,23.0,34.0,,,20,2.5,1.0,96,10,0.25,5,20,85,200,3,,
2026-03-15T16:00:18,AAPL,train,3,Connors RSI (2-Period),-3.468,https://www.quantconnect.com/project/28936477/1985103a7f37d583aed06e6cfde10ac9,0.675,0.6,48.0,-1.381,38.0,10000.0,10067.47,16.0,10.0,6.0,,,14,1.5,3.0,96,10,0.15,5,15,85,100,8,,
2026-03-15T15:59:32,AAPL,train,3,Connors RSI (2-Period),-1.3519999999999999,https://www.quantconnect.com/project/28936477/b4c53cebbcb4357f0dea85857463dcc5,-0.485,7.8,336.0,-0.289,41.0,10000.0,9951.5,112.0,65.0,46.0,,,20,1.5,1.5,72,4,0.5,3,10,80,150,5,,
2026-03-15T15:59:50,AAPL,train,3,Connors RSI (2-Period),0.20899999999999985,https://www.quantconnect.com/project/28936477/34476fc52a02de58bc20905cc0132a71,1.301,4.4,531.0,-0.364,34.0,10000.0,10130.14,177.0,117.0,60.0,,,10,1.0,2.5,72,4,0.15,3,20,85,200,5,,
2026-03-15T16:01:58,AAPL,train,3,Connors RSI (2-Period),-1.3010000000000002,https://www.quantconnect.com/project/28936477/dc8f4078453a6be740187994a0ad4717,1.057,2.2,386.0,-0.786,47.0,10000.0,10105.66,109.0,44.0,6.0,,59.0,20,3.0,3.0,30,10,0.15,3,20,80,200,5,,
2026-03-15T16:00:50,AAPL,train,3,Connors RSI (2-Period),2.5959999999999996,https://www.quantconnect.com/project/28936477/9642b358823a46d5ac75c5e27069a791,2.905,3.9,163.0,-0.103,46.0,10000.0,10290.49,54.0,29.0,24.0,,1.0,20,1.5,1.5,30,2,0.5,3,10,95,150,3,,
2026-03-15T16:01:07,AAPL,train,3,Connors RSI (2-Period),-3.5100000000000002,https://www.quantconnect.com/project/28936477/7522253bc8e6604c704f104c44adbc7a,0.129,1.6,30.0,-1.213,30.0,10000.0,10012.95,10.0,7.0,3.0,,,20,1.0,3.0,72,1,0.25,5,15,90,100,5,,
2026-03-15T16:01:39,AAPL,train,3,Connors RSI (2-Period),-6.933,https://www.quantconnect.com/project/28936477/d8271b17e9d97ea4434dc0afb0e038b6,-4.558,8.2,763.0,-0.725,41.0,10000.0,9544.18,254.0,149.0,105.0,,,14,1.0,1.5,48,8,0.25,2,20,80,200,8,,
2026-03-15T16:03:49,AAPL,train,3,Connors RSI (2-Period),1.6670000000000003,https://www.quantconnect.com/project/28936477/dcb7e0e7cac3640216e1925795d5c52c,2.498,2.6,488.0,-0.277,46.0,10000.0,10249.76,152.0,72.0,48.0,,32.0,20,2.0,2.0,30,6,0.15,2,15,90,150,5,,
2026-03-15T16:02:24,AAPL,train,3,Connors RSI (2-Period),0.6279999999999999,https://www.quantconnect.com/project/28936477/221abbae421e630253a0aa08493ab300,2.032,1.0,233.0,-0.468,40.0,10000.0,10203.23,73.0,40.0,18.0,,14.0,14,3.0,3.0,96,10,0.15,2,10,90,200,8,,
2026-03-15T16:02:47,AAPL,train,3,Connors RSI (2-Period),9.194,https://www.quantconnect.com/project/28936477/15af78a2ea90c54c90f6cb04e19771fa,8.291,3.4,172.0,0.301,34.0,10000.0,10829.09,56.0,35.0,17.0,,4.0,20,2.0,3.0,72,10,0.5,3,10,90,150,5,,
2026-03-15T16:03:20,AAPL,train,3,Connors RSI (2-Period),-3.5340000000000003,https://www.quantconnect.com/project/28936477/1cdac813ea00be4a2fe9f37210b6b502,-0.306,1.6,317.0,-1.076,46.0,10000.0,9969.4,103.0,52.0,42.0,,8.0,14,1.5,1.5,20,10,0.15,3,10,80,150,5,,
2026-03-15T16:04:32,AAPL,train,3,Connors RSI (2-Period),11.874,https://www.quantconnect.com/project/28936477/acee21fa4fc4b6ffee52704fccf03d4d,10.782,5.1,557.0,0.364,32.0,10000.0,11078.2,184.0,125.0,54.0,,5.0,20,1.0,3.0,30,4,0.35,2,20,95,100,8,,
2026-03-15T16:04:32,AAPL,train,3,Connors RSI (2-Period),11.874,https://www.quantconnect.com/project/28936477/acee21fa4fc4b6ffee52704fccf03d4d,10.782,5.1,557.0,0.364,32.0,10000.0,11078.2,184.0,125.0,54.0,,5.0,20,1.0,3.0,30,4,0.35,2,20,95,100,8,,
2026-03-15T16:02:47,AAPL,train,3,Connors RSI (2-Period),9.194,https://www.quantconnect.com/project/28936477/15af78a2ea90c54c90f6cb04e19771fa,8.291,3.4,172.0,0.301,34.0,10000.0,10829.09,56.0,35.0,17.0,,4.0,20,2.0,3.0,72,10,0.5,3,10,90,150,5,,
2026-03-15T16:00:50,AAPL,train,3,Connors RSI (2-Period),2.5959999999999996,https://www.quantconnect.com/project/28936477/9642b358823a46d5ac75c5e27069a791,2.905,3.9,163.0,-0.103,46.0,10000.0,10290.49,54.0,29.0,24.0,,1.0,20,1.5,1.5,30,2,0.5,3,10,95,150,3,,
2026-03-15T16:03:49,AAPL,train,3,Connors RSI (2-Period),1.6670000000000003,https://www.quantconnect.com/project/28936477/dcb7e0e7cac3640216e1925795d5c52c,2.498,2.6,488.0,-0.277,46.0,10000.0,10249.76,152.0,72.0,48.0,,32.0,20,2.0,2.0,30,6,0.15,2,15,90,150,5,,
2026-03-15T16:02:24,AAPL,train,3,Connors RSI (2-Period),0.6279999999999999,https://www.quantconnect.com/project/28936477/221abbae421e630253a0aa08493ab300,2.032,1.0,233.0,-0.468,40.0,10000.0,10203.23,73.0,40.0,18.0,,14.0,14,3.0,3.0,96,10,0.15,2,10,90,200,8,,
2026-03-15T16:04:58,AAPL,train,3,Connors RSI (2-Period),8.467,https://www.quantconnect.com/project/28936477/3ff90f4e51963c19ae78281ca2d089d3,7.561,3.7,159.0,0.302,43.0,10000.0,10756.05,48.0,22.0,10.0,,15.0,20,3.0,3.0,72,10,0.5,3,10,90,150,5,,
2026-03-15T16:05:07,AAPL,train,3,Connors RSI (2-Period),6.427,https://www.quantconnect.com/project/28936477/3c7636564b86cf96bf85fa261edd71c3,5.968,3.4,228.0,0.153,41.0,10000.0,10596.8,68.0,36.0,8.0,,24.0,20,2.0,3.0,30,2,0.5,3,10,90,150,3,,
2026-03-15T16:05:19,AAPL,train,3,Connors RSI (2-Period),4.522,https://www.quantconnect.com/project/28936477/0a440d4d90bc182ae90f2c55e7eb1bf6,4.396,4.0,203.0,0.042,39.0,10000.0,10439.57,61.0,33.0,8.0,,20.0,20,2.0,3.0,30,10,0.5,3,10,90,150,5,,
2026-03-15T16:06:02,AAPL,train,3,Connors RSI (2-Period),11.778,https://www.quantconnect.com/project/28936477/c6d7b90a58a390464cbbfb0a0ea06bae,10.41,3.7,155.0,0.456,35.0,10000.0,11041.01,51.0,31.0,18.0,,2.0,20,2.0,3.0,72,2,0.5,3,10,90,100,3,,
2026-03-15T16:07:04,AAPL,train,3,Connors RSI (2-Period),-1000000000,,,,,,,,,,,,,,20,2.0,3.0,30,10,0.5,2,15,90,150,5,,
2026-03-15T16:06:25,AAPL,train,3,Connors RSI (2-Period),7.364,https://www.quantconnect.com/project/28936477/301f739ccf5b4d9a68b85ebab3ee3bee,6.683,3.9,153.0,0.227,38.0,10000.0,10668.34,48.0,27.0,11.0,,9.0,20,3.0,3.0,96,10,0.5,3,10,90,150,8,,
2026-03-15T16:06:52,AAPL,train,3,Connors RSI (2-Period),-3.572,https://www.quantconnect.com/project/28936477/3552a041fe6873ed6abd0240a736a195,0.397,1.0,165.0,-1.323,48.0,10000.0,10039.7,54.0,28.0,23.0,,3.0,20,2.0,1.5,30,2,0.15,3,10,95,150,3,,
2026-03-15T16:07:14,AAPL,train,3,Connors RSI (2-Period),20.832,https://www.quantconnect.com/project/28936477/7cb014d22445f9ca5ed62d8d93801f87,18.738,6.3,313.0,0.698,38.0,10000.0,11873.83,101.0,60.0,30.0,,10.0,20,2.0,3.0,72,10,0.5,2,10,90,200,5,,
2026-03-15T16:08:00,AAPL,train,3,Connors RSI (2-Period),0.5959999999999999,https://www.quantconnect.com/project/28936477/23c20a0d1a7809440aa4854e3014d73f,1.886,3.2,622.0,-0.43,51.0,10000.0,10188.62,193.0,79.0,70.0,,43.0,10,2.0,1.5,20,6,0.15,2,15,85,200,8,,
2026-03-15T16:07:38,AAPL,train,3,Connors RSI (2-Period),-5.056,https://www.quantconnect.com/project/28936477/f17a33126c29d7c8736ee77b6b752f8c,-1.126,3.1,179.0,-1.31,51.0,10000.0,9887.44,59.0,28.0,29.0,,2.0,20,2.5,1.0,48,10,0.25,3,5,85,150,3,,
2026-03-15T16:07:14,AAPL,train,3,Connors RSI (2-Period),20.832,https://www.quantconnect.com/project/28936477/7cb014d22445f9ca5ed62d8d93801f87,18.738,6.3,313.0,0.698,38.0,10000.0,11873.83,101.0,60.0,30.0,,10.0,20,2.0,3.0,72,10,0.5,2,10,90,200,5,,
2026-03-15T16:04:32,AAPL,train,3,Connors RSI (2-Period),11.874,https://www.quantconnect.com/project/28936477/acee21fa4fc4b6ffee52704fccf03d4d,10.782,5.1,557.0,0.364,32.0,10000.0,11078.2,184.0,125.0,54.0,,5.0,20,1.0,3.0,30,4,0.35,2,20,95,100,8,,
2026-03-15T16:06:02,AAPL,train,3,Connors RSI (2-Period),11.778,https://www.quantconnect.com/project/28936477/c6d7b90a58a390464cbbfb0a0ea06bae,10.41,3.7,155.0,0.456,35.0,10000.0,11041.01,51.0,31.0,18.0,,2.0,20,2.0,3.0,72,2,0.5,3,10,90,100,3,,
2026-03-15T16:02:47,AAPL,train,3,Connors RSI (2-Period),9.194,https://www.quantconnect.com/project/28936477/15af78a2ea90c54c90f6cb04e19771fa,8.291,3.4,172.0,0.301,34.0,10000.0,10829.09,56.0,35.0,17.0,,4.0,20,2.0,3.0,72,10,0.5,3,10,90,150,5,,
2026-03-15T16:04:58,AAPL,train,3,Connors RSI (2-Period),8.467,https://www.quantconnect.com/project/28936477/3ff90f4e51963c19ae78281ca2d089d3,7.561,3.7,159.0,0.302,43.0,10000.0,10756.05,48.0,22.0,10.0,,15.0,20,3.0,3.0,72,10,0.5,3,10,90,150,5,,
2026-03-15T16:08:20,AAPL,train,3,Connors RSI (2-Period),7.715,https://www.quantconnect.com/project/28936477/40d2881d7c33c457f3dfd7c671112a7c,6.839,2.7,155.0,0.292,35.0,10000.0,10683.87,51.0,31.0,18.0,,2.0,20,2.0,3.0,72,2,0.35,3,10,90,100,3,,
2026-03-15T16:08:22,AAPL,train,3,Connors RSI (2-Period),5.962,https://www.quantconnect.com/project/28936477/fabac09b109e7f40b3bd8b4e14b78a55,5.608,6.0,345.0,0.118,30.0,10000.0,10560.76,115.0,80.0,35.0,,,20,1.0,3.0,72,10,0.35,3,20,90,150,8,,
2026-03-15T16:09:35,AAPL,train,3,Connors RSI (2-Period),7.966,https://www.quantconnect.com/project/28936477/e6ded83b9bf7d4c12374acd099318933,7.267,4.6,324.0,0.233,36.0,10000.0,10726.66,105.0,65.0,30.0,,9.0,20,2.0,3.0,72,4,0.35,2,10,90,100,5,,
2026-03-15T16:10:06,AAPL,train,3,Connors RSI (2-Period),-1000000000,,,,,,,,,,,,,,20,2.0,3.0,72,10,0.5,2,20,95,100,5,,
2026-03-15T16:09:58,AAPL,train,3,Connors RSI (2-Period),23.173,https://www.quantconnect.com/project/28936477/7f2c476b59ec1ad5ace6145430453a1d,21.409,12.8,579.0,0.588,32.0,10000.0,12140.87,193.0,131.0,61.0,,,20,1.0,3.0,72,4,0.5,2,10,90,200,8,,
2026-03-15T16:10:33,AAPL,train,3,Connors RSI (2-Period),10.169,https://www.quantconnect.com/project/28936477/30245c30d24118c3e65e36a20bc404a7,9.146,3.5,182.0,0.341,34.0,10000.0,10914.58,59.0,36.0,18.0,,5.0,20,2.0,3.0,72,2,0.5,3,10,90,150,3,,
2026-03-15T16:12:07,AAPL,train,3,Connors RSI (2-Period),28.485,https://www.quantconnect.com/project/28936477/1e9c8bdc57356131bd199a8013b1d714,26.205,11.3,495.0,0.76,34.0,10000.0,12620.5,165.0,109.0,56.0,,,20,1.0,3.0,72,10,0.5,2,10,90,200,5,,
2026-03-15T16:10:59,AAPL,train,3,Connors RSI (2-Period),14.185,https://www.quantconnect.com/project/28936477/9eb05e308cda71e219f4e426ee88bc78,12.868,4.6,302.0,0.439,36.0,10000.0,11286.79,98.0,60.0,29.0,,8.0,20,2.0,3.0,72,10,0.5,2,10,90,100,5,,
2026-03-15T16:11:23,AAPL,train,3,Connors RSI (2-Period),0.8190000000000002,https://www.quantconnect.com/project/28936477/53a1b50e2e46c9946be928551751bec9,1.713,4.4,678.0,-0.298,40.0,10000.0,10171.34,226.0,134.0,91.0,,,14,1.0,2.0,96,4,0.15,2,15,90,150,3,,
2026-03-15T16:11:44,AAPL,train,3,Connors RSI (2-Period),-4.1930000000000005,https://www.quantconnect.com/project/28936477/074f2f84726193a63caf7ce998f8f2a4,-1.511,5.0,759.0,-0.844,45.0,10000.0,9848.85,253.0,138.0,115.0,,,14,1.0,1.5,72,1,0.15,3,20,80,200,3,,
2026-03-15T16:12:07,AAPL,train,3,Connors RSI (2-Period),28.485,https://www.quantconnect.com/project/28936477/1e9c8bdc57356131bd199a8013b1d714,26.205,11.3,495.0,0.76,34.0,10000.0,12620.5,165.0,109.0,56.0,,,20,1.0,3.0,72,10,0.5,2,10,90,200,5,,
2026-03-15T16:09:58,AAPL,train,3,Connors RSI (2-Period),23.173,https://www.quantconnect.com/project/28936477/7f2c476b59ec1ad5ace6145430453a1d,21.409,12.8,579.0,0.588,32.0,10000.0,12140.87,193.0,131.0,61.0,,,20,1.0,3.0,72,4,0.5,2,10,90,200,8,,
2026-03-15T16:07:14,AAPL,train,3,Connors RSI (2-Period),20.832,https://www.quantconnect.com/project/28936477/7cb014d22445f9ca5ed62d8d93801f87,18.738,6.3,313.0,0.698,38.0,10000.0,11873.83,101.0,60.0,30.0,,10.0,20,2.0,3.0,72,10,0.5,2,10,90,200,5,,
2026-03-15T16:10:59,AAPL,train,3,Connors RSI (2-Period),14.185,https://www.quantconnect.com/project/28936477/9eb05e308cda71e219f4e426ee88bc78,12.868,4.6,302.0,0.439,36.0,10000.0,11286.79,98.0,60.0,29.0,,8.0,20,2.0,3.0,72,10,0.5,2,10,90,100,5,,
2026-03-15T16:04:32,AAPL,train,3,Connors RSI (2-Period),11.874,https://www.quantconnect.com/project/28936477/acee21fa4fc4b6ffee52704fccf03d4d,10.782,5.1,557.0,0.364,32.0,10000.0,11078.2,184.0,125.0,54.0,,5.0,20,1.0,3.0,30,4,0.35,2,20,95,100,8,,
2026-03-15T16:12:28,AAPL,train,3,Connors RSI (2-Period),13.277999999999999,https://www.quantconnect.com/project/28936477/2058655d0db7361861f3b132bbd55907,12.126,9.1,340.0,0.384,35.0,10000.0,11212.57,110.0,69.0,30.0,,10.0,20,2.0,3.0,72,4,0.5,2,10,90,200,8,,
2026-03-15T16:13:53,AAPL,train,3,Connors RSI (2-Period),-1000000000,,,,,,,,,,,,,,20,1.0,3.0,72,8,0.5,2,10,90,200,5,,
2026-03-15T16:12:48,AAPL,train,3,Connors RSI (2-Period),21.935,https://www.quantconnect.com/project/28936477/b516e1188e98291cbd3d7648eeb08436,18.659,2.4,335.0,1.092,54.0,10000.0,11865.86,100.0,42.0,23.0,,35.0,20,2.0,3.0,30,10,0.35,2,10,95,100,5,,
2026-03-15T16:13:12,AAPL,train,3,Connors RSI (2-Period),12.391,https://www.quantconnect.com/project/28936477/7697cd3149d6e3ae7cecc3200a2e8a95,11.356,9.5,709.0,0.345,30.0,10000.0,11135.59,234.0,162.0,64.0,,7.0,20,1.0,3.0,30,4,0.35,2,20,90,200,8,,
2026-03-15T16:13:43,AAPL,train,3,Connors RSI (2-Period),8.968,https://www.quantconnect.com/project/28936477/ea0962a99396e8be19114139b73e3704,8.284,10.8,597.0,0.228,30.0,10000.0,10828.4,199.0,139.0,59.0,,,20,1.0,3.0,72,1,0.35,2,10,90,100,8,,
2026-03-15T16:14:06,AAPL,train,3,Connors RSI (2-Period),4.254,https://www.quantconnect.com/project/28936477/3b3b1259e9aae4d1412eb1940df36f83,4.167,10.1,284.0,0.029,32.0,10000.0,10416.67,91.0,57.0,22.0,,11.0,20,2.0,3.0,72,4,0.5,2,5,90,200,5,,
2026-03-15T16:14:53,AAPL,train,3,Connors RSI (2-Period),12.251999999999999,https://www.quantconnect.com/project/28936477/3e5d9f110698ef376ecf879dc7c1f108,11.385,14.4,528.0,0.289,30.0,10000.0,11138.54,175.0,121.0,50.0,,3.0,20,1.0,3.0,30,4,0.5,2,10,90,100,5,,
2026-03-15T16:14:30,AAPL,train,3,Connors RSI (2-Period),13.855,https://www.quantconnect.com/project/28936477/9421c5815502c93c3297022adc51747f,12.538,9.0,526.0,0.439,33.0,10000.0,11253.82,174.0,117.0,53.0,,4.0,20,1.0,3.0,30,10,0.35,2,20,90,100,8,,
2026-03-15T16:17:57,AAPL,train,3,Connors RSI (2-Period),6.965,https://www.quantconnect.com/project/28936477/9c12d68848f9e5a5a8c11c4b33f8aa56,6.338,3.6,369.0,0.209,48.0,10000.0,10633.84,107.0,46.0,13.0,,48.0,10,3.0,3.0,48,4,0.35,2,15,80,200,8,,
2026-03-15T16:15:20,AAPL,train,3,Connors RSI (2-Period),5.618,https://www.quantconnect.com/project/28936477/7a1d9cbde89ddee3d8ea623cbf7795f2,5.171,3.4,331.0,0.149,59.0,10000.0,10517.06,110.0,45.0,63.0,,1.0,14,3.0,1.0,96,6,0.35,2,5,85,150,3,,
2026-03-15T16:12:07,AAPL,train,3,Connors RSI (2-Period),28.485,https://www.quantconnect.com/project/28936477/1e9c8bdc57356131bd199a8013b1d714,26.205,11.3,495.0,0.76,34.0,10000.0,12620.5,165.0,109.0,56.0,,,20,1.0,3.0,72,10,0.5,2,10,90,200,5,,
2026-03-15T16:09:58,AAPL,train,3,Connors RSI (2-Period),23.173,https://www.quantconnect.com/project/28936477/7f2c476b59ec1ad5ace6145430453a1d,21.409,12.8,579.0,0.588,32.0,10000.0,12140.87,193.0,131.0,61.0,,,20,1.0,3.0,72,4,0.5,2,10,90,200,8,,
2026-03-15T16:12:48,AAPL,train,3,Connors RSI (2-Period),21.935,https://www.quantconnect.com/project/28936477/b516e1188e98291cbd3d7648eeb08436,18.659,2.4,335.0,1.092,54.0,10000.0,11865.86,100.0,42.0,23.0,,35.0,20,2.0,3.0,30,10,0.35,2,10,95,100,5,,
2026-03-15T16:07:14,AAPL,train,3,Connors RSI (2-Period),20.832,https://www.quantconnect.com/project/28936477/7cb014d22445f9ca5ed62d8d93801f87,18.738,6.3,313.0,0.698,38.0,10000.0,11873.83,101.0,60.0,30.0,,10.0,20,2.0,3.0,72,10,0.5,2,10,90,200,5,,
2026-03-15T16:10:59,AAPL,train,3,Connors RSI (2-Period),14.185,https://www.quantconnect.com/project/28936477/9eb05e308cda71e219f4e426ee88bc78,12.868,4.6,302.0,0.439,36.0,10000.0,11286.79,98.0,60.0,29.0,,8.0,20,2.0,3.0,72,10,0.5,2,10,90,100,5,,
2026-03-15T16:18:20,AAPL,train,3,Connors RSI (2-Period),20.762999999999998,https://www.quantconnect.com/project/28936477/eea73719d4fc6201d1766e604d1b4b5d,18.615,3.6,270.0,0.716,41.0,10000.0,11861.53,88.0,52.0,30.0,,6.0,20,2.0,3.0,72,10,0.5,2,10,95,100,5,,
2026-03-15T16:18:19,AAPL,train,3,Connors RSI (2-Period),17.182,https://www.quantconnect.com/project/28936477/cab2c3e49f54c2220376017ef178932e,14.776,4.3,411.0,0.802,48.0,10000.0,11477.6,123.0,59.0,21.0,,42.0,20,2.0,3.0,30,10,0.35,2,10,90,200,5,,
2026-03-15T16:18:43,AAPL,train,3,Connors RSI (2-Period),31.943,https://www.quantconnect.com/project/28936477/6e0f494628c93236e1507747f3f8cfa0,29.096,7.4,387.0,0.949,36.0,10000.0,12909.6,129.0,82.0,47.0,,,20,1.0,3.0,96,10,0.5,2,10,95,100,5,,
2026-03-15T16:20:24,AAPL,train,3,Connors RSI (2-Period),17.365,https://www.quantconnect.com/project/28936477/ad09078d3829df9a5c4cd3878cc580dc,14.812,3.7,365.0,0.851,50.0,10000.0,11481.18,109.0,51.0,20.0,,38.0,20,2.0,3.0,30,10,0.35,2,10,95,200,5,,
2026-03-15T16:19:43,AAPL,train,3,Connors RSI (2-Period),13.826,https://www.quantconnect.com/project/28936477/9fef22b023cad2e1924ee6a575bab395,12.083,2.5,270.0,0.581,41.0,10000.0,11208.35,88.0,52.0,30.0,,6.0,20,2.0,3.0,72,10,0.35,2,10,95,100,5,,
2026-03-15T16:20:05,AAPL,train,3,Connors RSI (2-Period),21.191,https://www.quantconnect.com/project/28936477/479bafc30fa7b920d893ff9a9f1ebcf9,20.15,15.5,447.0,0.597,33.0,10000.0,12014.99,149.0,100.0,49.0,,,20,1.0,3.0,72,10,0.5,2,10,90,100,5,,
2026-03-15T16:22:21,AAPL,train,3,Connors RSI (2-Period),23.173,https://www.quantconnect.com/project/28936477/3c473c97b29dc12eceb9f870d7280614,21.409,12.8,579.0,0.588,32.0,10000.0,12140.87,193.0,131.0,61.0,,,20,1.0,3.0,72,4,0.5,2,10,90,200,3,,
2026-03-15T16:20:50,AAPL,train,3,Connors RSI (2-Period),26.054000000000002,https://www.quantconnect.com/project/28936477/0805f3a49753dffb1536c8f09222a42c,23.198,5.0,381.0,0.952,48.0,10000.0,12319.83,114.0,52.0,22.0,,39.0,20,2.0,3.0,30,10,0.5,2,10,90,100,5,,
2026-03-15T16:21:12,AAPL,train,3,Connors RSI (2-Period),-2.025,https://www.quantconnect.com/project/28936477/34d1572e6db3a26063d14fa90fc18a4e,-0.801,8.0,220.0,-0.408,42.0,10000.0,9919.9,65.0,34.0,6.0,,25.0,14,2.0,2.5,20,2,0.5,3,5,85,150,3,,
2026-03-15T16:21:35,AAPL,train,3,Connors RSI (2-Period),0.19400000000000017,https://www.quantconnect.com/project/28936477/522672a5e539e0237d6ec3884a988474,1.058,5.6,627.0,-0.288,46.0,10000.0,10105.82,209.0,112.0,97.0,,,14,1.0,1.5,20,1,0.25,3,20,85,150,5,,
2026-03-15T16:18:43,AAPL,train,3,Connors RSI (2-Period),31.943,https://www.quantconnect.com/project/28936477/6e0f494628c93236e1507747f3f8cfa0,29.096,7.4,387.0,0.949,36.0,10000.0,12909.6,129.0,82.0,47.0,,,20,1.0,3.0,96,10,0.5,2,10,95,100,5,,
2026-03-15T16:12:07,AAPL,train,3,Connors RSI (2-Period),28.485,https://www.quantconnect.com/project/28936477/1e9c8bdc57356131bd199a8013b1d714,26.205,11.3,495.0,0.76,34.0,10000.0,12620.5,165.0,109.0,56.0,,,20,1.0,3.0,72,10,0.5,2,10,90,200,5,,
2026-03-15T16:20:50,AAPL,train,3,Connors RSI (2-Period),26.054000000000002,https://www.quantconnect.com/project/28936477/0805f3a49753dffb1536c8f09222a42c,23.198,5.0,381.0,0.952,48.0,10000.0,12319.83,114.0,52.0,22.0,,39.0,20,2.0,3.0,30,10,0.5,2,10,90,100,5,,
2026-03-15T16:09:58,AAPL,train,3,Connors RSI (2-Period),23.173,https://www.quantconnect.com/project/28936477/7f2c476b59ec1ad5ace6145430453a1d,21.409,12.8,579.0,0.588,32.0,10000.0,12140.87,193.0,131.0,61.0,,,20,1.0,3.0,72,4,0.5,2,10,90,200,8,,
2026-03-15T16:22:21,AAPL,train,3,Connors RSI (2-Period),23.173,https://www.quantconnect.com/project/28936477/3c473c97b29dc12eceb9f870d7280614,21.409,12.8,579.0,0.588,32.0,10000.0,12140.87,193.0,131.0,61.0,,,20,1.0,3.0,72,4,0.5,2,10,90,200,3,,
2026-03-15T16:22:49,AAPL,train,3,Connors RSI (2-Period),15.981,https://www.quantconnect.com/project/28936477/d0cb65470b7900b5851e2a73594f4763,14.418,7.8,456.0,0.521,44.0,10000.0,11441.78,136.0,68.0,19.0,,48.0,20,2.0,3.0,30,4,0.5,2,10,90,200,5,,
2026-03-15T16:22:48,AAPL,train,3,Connors RSI (2-Period),23.173,https://www.quantconnect.com/project/28936477/5125edcdb8554fa060de600d25738a18,21.409,12.8,579.0,0.588,32.0,10000.0,12140.87,193.0,131.0,61.0,,,20,1.0,3.0,72,4,0.5,2,10,90,200,5,,
2026-03-15T16:23:12,AAPL,train,3,Connors RSI (2-Period),14.197000000000001,https://www.quantconnect.com/project/28936477/9c94894ee3fbf54caa773b69ef1c3f06,13.153,14.1,522.0,0.348,30.0,10000.0,11315.25,174.0,121.0,52.0,,,20,1.0,3.0,72,4,0.5,2,10,90,100,5,,
2026-03-15T16:23:47,AAPL,train,3,Connors RSI (2-Period),30.273,https://www.quantconnect.com/project/28936477/6348873e95e779abf1cc935a6bc23b47,27.66,5.7,432.0,0.871,35.0,10000.0,12766.03,144.0,93.0,51.0,,,20,1.0,3.0,96,10,0.5,2,10,95,200,5,,
2026-03-15T16:24:08,AAPL,train,3,Connors RSI (2-Period),28.485,https://www.quantconnect.com/project/28936477/8bc1f3da221f3aed5af302edc21a4d33,26.205,11.3,495.0,0.76,34.0,10000.0,12620.5,165.0,109.0,56.0,,,20,1.0,3.0,72,10,0.5,2,10,90,200,8,,
2026-03-15T16:24:14,AAPL,train,3,Connors RSI (2-Period),14.165000000000001,https://www.quantconnect.com/project/28936477/c9b33f6760e21051f359f65599504c4b,13.025,10.7,636.0,0.38,40.0,10000.0,11302.53,212.0,127.0,84.0,,,20,1.0,2.0,72,4,0.5,2,10,90,200,3,,
2026-03-15T16:25:21,AAPL,train,3,Connors RSI (2-Period),16.215,https://www.quantconnect.com/project/28936477/d45b6ea65a5e3b9a1e18fd9966fd036a,14.595,6.0,408.0,0.54,44.0,10000.0,11459.47,122.0,59.0,20.0,,42.0,20,2.0,3.0,30,4,0.5,2,10,90,100,5,,
2026-03-15T16:26:02,AAPL,train,3,Connors RSI (2-Period),-1000000000,,,,,,,,,,,,,,20,2.5,3.0,72,10,0.5,2,10,90,200,5,,
2026-03-15T16:25:47,AAPL,train,3,Connors RSI (2-Period),-4.774,https://www.quantconnect.com/project/28936477/9caa2626406c203fd69f812262c3dca3,-0.1,1.3,160.0,-1.558,47.0,10000.0,9989.96,52.0,25.0,22.0,,4.0,20,3.0,1.5,96,2,0.15,3,5,80,100,8,,
2026-03-15T16:26:23,AAPL,train,3,Connors RSI (2-Period),11.19,https://www.quantconnect.com/project/28936477/af3c1c0b2f6f179f3cefe32cb7867fec,10.296,14.0,504.0,0.298,38.0,10000.0,11029.59,168.0,103.0,64.0,,,14,1.0,2.0,48,2,0.5,3,15,80,150,3,,
2026-03-15T16:26:55,AAPL,validation,3,Connors RSI (2-Period),11.813,https://www.quantconnect.com/project/28936477/286a213f165e38381a701d247364ae93,10.55,2.9,135.0,0.421,38.0,10000.0,11055.01,45.0,28.0,17.0,,,20,1.0,3.0,96,10,0.5,2,10,95,100,5,31.943,
2026-03-15T16:27:14,AAPL,validation,3,Connors RSI (2-Period),2.007,https://www.quantconnect.com/project/28936477/35a06e24a6f891d39630523428988a1e,3.456,4.1,159.0,-0.483,30.0,10000.0,10345.56,53.0,37.0,16.0,,,20,1.0,3.0,96,10,0.5,2,10,95,200,5,30.273,
2026-03-15T16:27:30,AAPL,validation,3,Connors RSI (2-Period),1.833,https://www.quantconnect.com/project/28936477/8442413b83c24e102abe432504ea2c47,3.327,4.1,171.0,-0.498,30.0,10000.0,10332.68,57.0,40.0,17.0,,,20,1.0,3.0,72,10,0.5,2,10,90,200,5,28.485,
2026-03-15T16:27:52,AAPL,validation,3,Connors RSI (2-Period),1.8640000000000003,https://www.quantconnect.com/project/28936477/cbfe31685f95301f118d8dd6bec4f8d8,3.349,4.1,171.0,-0.495,30.0,10000.0,10334.89,57.0,40.0,17.0,,,20,1.0,3.0,72,10,0.5,2,10,90,200,8,28.485,
2026-03-15T16:28:45,AAPL,validation,3,Connors RSI (2-Period),12.275,https://www.quantconnect.com/project/28936477/f87e91f3cbf511c88f762bbd630d376b,10.616,2.8,125.0,0.553,47.0,10000.0,11061.63,38.0,16.0,11.0,,11.0,20,2.0,3.0,30,10,0.5,2,10,90,100,5,26.054000000000002,
2026-03-15T16:29:03,AAPL,validation,3,Connors RSI (2-Period),0.2599999999999998,https://www.quantconnect.com/project/28936477/5b92ecc2818b51ff149e19a34c913daf,1.922,5.8,207.0,-0.554,30.0,10000.0,10192.24,69.0,48.0,21.0,,,20,1.0,3.0,72,4,0.5,2,10,90,200,8,23.173,
2026-03-15T16:29:28,AAPL,test,3,Connors RSI (2-Period),-8.084999999999999,https://www.quantconnect.com/project/28936477/5a4d94365fa7e7a4c3448efb06ad9428,-2.664,7.9,242.0,-1.807,38.0,10000.0,9733.58,73.0,42.0,8.0,,23.0,20,2.0,3.0,30,10,0.5,2,10,90,100,5,26.054000000000002,12.275
2026-03-15T16:29:46,AAPL,test,3,Connors RSI (2-Period),-10.742,https://www.quantconnect.com/project/28936477/0d00e66fda9335a78653f5c8fa9f096c,-6.122,9.4,228.0,-1.54,24.0,10000.0,9387.8,76.0,58.0,18.0,,,20,1.0,3.0,96,10,0.5,2,10,95,100,5,31.943,11.813
2026-03-15T16:30:06,AAPL,test,3,Connors RSI (2-Period),-11.947,https://www.quantconnect.com/project/28936477/4157db81925784a2090b143461c4e97a,-7.342,11.7,258.0,-1.535,24.0,10000.0,9265.85,86.0,65.0,21.0,,,20,1.0,3.0,96,10,0.5,2,10,95,200,5,30.273,2.007
