timestamp,pair,mode,family,family_name,score,url,return_pct,drawdown_pct,total_orders,sharpe,win_rate_pct,start_equity,end_equity,entries,exit_stop_loss,exit_take_profit,exit_end_of_session,exit_max_hold,param_atr_period,param_stop_atr_mult,param_reward_ratio,param_max_hold_bars,param_cooldown_bars,param_risk_per_trade_pct,param_rsi_period,param_rsi_oversold,param_rsi_overbought,param_trend_ema_period,param_bar_minutes,param_htf_minutes,param_htf_ema_period,param_vol_filter_enabled,param_use_force_flat,train_score,validation_score
2026-03-18T10:20:17,EURUSD,train,1,RSI Mean Reversion,-23.511,https://www.quantconnect.com/project/28930245/d869ee1da3cdd82e943b1fa519f16e6b,-1.173,1.2,25.0,-2.846,25.0,10000.0,9882.7,8.0,6.0,1.0,,1.0,14,3.0,2.0,60,12,0.25,10,20,75,100,5,60,20,0,0,,
2026-03-18T10:20:55,EURUSD,train,1,RSI Mean Reversion,-6.132,https://www.quantconnect.com/project/28930245/49dc79dc8d1bbcc060894b556d3760fd,-1.937,7.0,892.0,-0.615,50.0,10000.0,9806.25,297.0,147.0,149.0,1.0,,10,2.0,1.0,96,5,0.25,7,25,75,200,5,240,30,0,1,,
2026-03-18T10:21:58,EURUSD,train,1,RSI Mean Reversion,-1000000000,,,,,,,,,,,,,,20,1.5,1.25,96,12,0.25,14,30,70,50,15,240,50,0,1,,
2026-03-18T10:22:30,EURUSD,train,1,RSI Mean Reversion,-21.080000000000002,https://www.quantconnect.com/project/28930245/c4f5b1cc4174b1976e7197b70de26bbb,-0.017,0.5,27.0,-2.471,44.0,10000.0,9998.32,9.0,5.0,4.0,,,14,2.0,1.25,60,12,0.25,5,35,80,20,30,60,20,0,0,,
2026-03-18T10:22:57,EURUSD,train,1,RSI Mean Reversion,-30.755000000000003,https://www.quantconnect.com/project/28930245/be136b55589c818e05c58ca3a619aac9,-11.387,13.1,1706.0,-1.656,34.0,10000.0,8861.32,538.0,332.0,114.0,,92.0,20,2.0,2.0,20,5,0.15,5,35,70,200,30,240,50,0,0,,
2026-03-18T10:24:28,EURUSD,train,1,RSI Mean Reversion,-30.884,https://www.quantconnect.com/project/28930245/7ca56c83fe39a7b20564f33c9dabe7f0,-0.755,0.8,9.0,-5.193,0.0,10000.0,9924.55,3.0,3.0,,,,20,2.5,2.0,48,3,0.25,14,30,70,200,30,60,30,1,0,,
2026-03-18T10:24:49,EURUSD,train,1,RSI Mean Reversion,-1000000000,https://www.quantconnect.com/project/28930245/839d4965f4a13f10abaa6887e30c06b5,0.0,0.0,0.0,0.0,0.0,10000.0,10000.0,0.0,,,,,14,3.0,1.5,60,8,0.5,10,25,75,50,15,60,20,1,0,,
2026-03-18T10:25:13,EURUSD,train,1,RSI Mean Reversion,-5.49,https://www.quantconnect.com/project/28930245/c7e042c9e93647ab6df24565f2b060da,-3.6,5.5,381.0,-0.63,49.0,10000.0,9640.01,125.0,62.0,57.0,,6.0,20,2.0,1.0,30,12,0.5,5,25,75,200,30,60,20,1,0,,
2026-03-18T10:25:41,EURUSD,train,1,RSI Mean Reversion,-8.695,https://www.quantconnect.com/project/28930245/19c8dd0359165aba3c2735a1fa0ea468,-3.772,4.1,527.0,-1.641,36.0,10000.0,9622.76,160.0,87.0,26.0,,47.0,10,2.5,2.0,30,5,0.15,5,35,70,50,30,60,30,1,0,,
2026-03-18T10:26:04,EURUSD,train,1,RSI Mean Reversion,-30.927,https://www.quantconnect.com/project/28930245/bcc6f2cea6c2fc1e663fb8ea67c9489d,0.15,0.1,6.0,-5.459,50.0,10000.0,10014.97,2.0,1.0,1.0,,,10,2.5,2.0,48,12,0.15,10,20,80,100,5,60,30,0,0,,
2026-03-18T10:26:33,EURUSD,train,1,RSI Mean Reversion,-20.293999999999997,https://www.quantconnect.com/project/28930245/2c20c4dd3bf6f57c71de5b0b07267736,-7.386,8.8,1313.0,-1.186,32.0,10000.0,9261.44,437.0,295.0,140.0,,2.0,20,1.5,2.0,96,3,0.15,7,35,65,100,5,240,50,0,0,,
2026-03-18T10:26:59,EURUSD,train,1,RSI Mean Reversion,-20.363,https://www.quantconnect.com/project/28930245/1c1e7fcbf15a9acf6a66c6ab8ccbad1b,-0.743,1.1,30.0,-2.04,40.0,10000.0,9925.67,10.0,6.0,4.0,,,14,2.5,1.0,60,3,0.35,14,25,65,100,30,60,20,0,0,,
2026-03-18T10:27:22,EURUSD,train,1,RSI Mean Reversion,-1000000000,https://www.quantconnect.com/project/28930245/40d39ac4198a0f580dc47b037c560846,0.0,0.0,0.0,0.0,0.0,10000.0,10000.0,0.0,,,,,20,1.5,1.5,20,5,0.15,14,25,75,50,15,60,50,0,0,,
2026-03-18T10:27:55,EURUSD,train,1,RSI Mean Reversion,-5.303,https://www.quantconnect.com/project/28930245/6fddcb93ad302602e9d24a4deb26bdca,-1.757,2.9,426.0,-1.182,36.0,10000.0,9824.31,134.0,79.0,31.0,,24.0,10,2.0,2.0,30,3,0.15,10,30,75,200,5,240,50,0,0,,
2026-03-18T10:28:19,EURUSD,train,1,RSI Mean Reversion,-7.713999999999999,https://www.quantconnect.com/project/28930245/05bba9dfeadc08845cc87ded177ed7a9,-2.158,5.4,244.0,-0.702,47.0,10000.0,9784.24,77.0,33.0,31.0,13.0,,10,2.5,1.0,20,12,0.5,7,25,75,100,30,60,20,0,1,,
2026-03-18T10:27:55,EURUSD,train,1,RSI Mean Reversion,-5.303,https://www.quantconnect.com/project/28930245/6fddcb93ad302602e9d24a4deb26bdca,-1.757,2.9,426.0,-1.182,36.0,10000.0,9824.31,134.0,79.0,31.0,,24.0,10,2.0,2.0,30,3,0.15,10,30,75,200,5,240,50,0,0,,
2026-03-18T10:25:13,EURUSD,train,1,RSI Mean Reversion,-5.49,https://www.quantconnect.com/project/28930245/c7e042c9e93647ab6df24565f2b060da,-3.6,5.5,381.0,-0.63,49.0,10000.0,9640.01,125.0,62.0,57.0,,6.0,20,2.0,1.0,30,12,0.5,5,25,75,200,30,60,20,1,0,,
2026-03-18T10:20:55,EURUSD,train,1,RSI Mean Reversion,-6.132,https://www.quantconnect.com/project/28930245/49dc79dc8d1bbcc060894b556d3760fd,-1.937,7.0,892.0,-0.615,50.0,10000.0,9806.25,297.0,147.0,149.0,1.0,,10,2.0,1.0,96,5,0.25,7,25,75,200,5,240,30,0,1,,
2026-03-18T10:28:19,EURUSD,train,1,RSI Mean Reversion,-7.713999999999999,https://www.quantconnect.com/project/28930245/05bba9dfeadc08845cc87ded177ed7a9,-2.158,5.4,244.0,-0.702,47.0,10000.0,9784.24,77.0,33.0,31.0,13.0,,10,2.5,1.0,20,12,0.5,7,25,75,100,30,60,20,0,1,,
2026-03-18T10:25:41,EURUSD,train,1,RSI Mean Reversion,-8.695,https://www.quantconnect.com/project/28930245/19c8dd0359165aba3c2735a1fa0ea468,-3.772,4.1,527.0,-1.641,36.0,10000.0,9622.76,160.0,87.0,26.0,,47.0,10,2.5,2.0,30,5,0.15,5,35,70,50,30,60,30,1,0,,
2026-03-18T10:28:57,EURUSD,train,1,RSI Mean Reversion,-16.07,https://www.quantconnect.com/project/28930245/8a1fa18c87edb6aec6a2e9ee46714896,-0.815,1.5,127.0,-2.035,36.0,10000.0,9918.51,39.0,22.0,7.0,,10.0,10,2.0,2.0,20,12,0.15,10,30,75,100,5,240,20,0,1,,
2026-03-18T10:29:24,EURUSD,train,1,RSI Mean Reversion,-17.899,https://www.quantconnect.com/project/28930245/b55e9058c4230286bf9a6e4cf3465519,-13.813,15.4,743.0,-1.162,46.0,10000.0,8618.74,238.0,115.0,94.0,29.0,,10,2.0,1.0,96,12,0.5,5,25,75,200,30,60,20,0,1,,
2026-03-18T10:29:55,EURUSD,train,1,RSI Mean Reversion,-132.458,https://www.quantconnect.com/project/28930245/0878e2791eceb17507321f8f369606bb,-47.576,52.5,2290.0,-1.694,34.0,10000.0,5242.4,721.0,443.0,151.0,,127.0,10,2.0,2.0,30,12,0.5,5,30,75,200,5,240,50,0,0,,
2026-03-18T10:30:18,EURUSD,train,1,RSI Mean Reversion,-12.373999999999999,https://www.quantconnect.com/project/28930245/54f692c063b1f3d028e5a19e7664c349,-0.173,2.1,159.0,-1.517,43.0,10000.0,9982.74,49.0,27.0,10.0,,12.0,10,2.5,2.0,30,3,0.15,10,30,70,200,30,60,30,1,0,,
2026-03-18T10:30:49,EURUSD,train,1,RSI Mean Reversion,-15.242,https://www.quantconnect.com/project/28930245/71e987119be227a5437af01c36f1e916,-9.356,12.7,1034.0,-0.712,48.0,10000.0,9064.38,325.0,138.0,128.0,,59.0,10,2.5,1.0,20,12,0.5,7,25,75,200,5,240,20,0,1,,
2026-03-18T10:32:04,EURUSD,train,1,RSI Mean Reversion,-1000000000,,,,,,,,,,,,,,20,2.0,1.0,96,5,0.5,5,25,75,200,5,60,30,1,0,,
2026-03-18T10:32:31,EURUSD,train,1,RSI Mean Reversion,-4.773,https://www.quantconnect.com/project/28930245/a4c28504e60392232bcdf6b30529c30d,-1.794,2.7,466.0,-0.993,49.0,10000.0,9820.61,145.0,58.0,56.0,31.0,,10,2.5,1.0,20,12,0.25,7,25,70,100,30,60,30,0,1,,
2026-03-18T10:32:58,EURUSD,train,1,RSI Mean Reversion,-25.058,https://www.quantconnect.com/project/28930245/257e26651ad305c58cc49023effae627,-0.77,1.2,33.0,-3.646,18.0,10000.0,9923.01,11.0,9.0,2.0,,,10,2.0,2.0,30,5,0.15,10,35,75,50,5,60,30,1,0,,
2026-03-18T10:33:25,EURUSD,train,1,RSI Mean Reversion,-40.922,https://www.quantconnect.com/project/28930245/e3603fa5831ee6e4eef258c448c44931,-20.52,26.2,902.0,-0.634,44.0,10000.0,7948.05,284.0,146.0,88.0,,50.0,14,2.5,1.5,30,8,0.35,7,30,65,50,5,60,20,0,0,,
2026-03-18T10:35:03,EURUSD,train,1,RSI Mean Reversion,-17.773,https://www.quantconnect.com/project/28930245/1847048884887a2de0ded3ff7e1c6501,-4.872,6.3,1444.0,-1.367,46.0,10000.0,9512.76,426.0,158.0,102.0,,166.0,14,3.0,1.25,20,8,0.15,5,20,75,100,5,240,20,0,1,,
2026-03-18T10:32:31,EURUSD,train,1,RSI Mean Reversion,-4.773,https://www.quantconnect.com/project/28930245/a4c28504e60392232bcdf6b30529c30d,-1.794,2.7,466.0,-0.993,49.0,10000.0,9820.61,145.0,58.0,56.0,31.0,,10,2.5,1.0,20,12,0.25,7,25,70,100,30,60,30,0,1,,
2026-03-18T10:27:55,EURUSD,train,1,RSI Mean Reversion,-5.303,https://www.quantconnect.com/project/28930245/6fddcb93ad302602e9d24a4deb26bdca,-1.757,2.9,426.0,-1.182,36.0,10000.0,9824.31,134.0,79.0,31.0,,24.0,10,2.0,2.0,30,3,0.15,10,30,75,200,5,240,50,0,0,,
2026-03-18T10:25:13,EURUSD,train,1,RSI Mean Reversion,-5.49,https://www.quantconnect.com/project/28930245/c7e042c9e93647ab6df24565f2b060da,-3.6,5.5,381.0,-0.63,49.0,10000.0,9640.01,125.0,62.0,57.0,,6.0,20,2.0,1.0,30,12,0.5,5,25,75,200,30,60,20,1,0,,
2026-03-18T10:20:55,EURUSD,train,1,RSI Mean Reversion,-6.132,https://www.quantconnect.com/project/28930245/49dc79dc8d1bbcc060894b556d3760fd,-1.937,7.0,892.0,-0.615,50.0,10000.0,9806.25,297.0,147.0,149.0,1.0,,10,2.0,1.0,96,5,0.25,7,25,75,200,5,240,30,0,1,,
2026-03-18T10:28:19,EURUSD,train,1,RSI Mean Reversion,-7.713999999999999,https://www.quantconnect.com/project/28930245/05bba9dfeadc08845cc87ded177ed7a9,-2.158,5.4,244.0,-0.702,47.0,10000.0,9784.24,77.0,33.0,31.0,13.0,,10,2.5,1.0,20,12,0.5,7,25,75,100,30,60,20,0,1,,
2026-03-18T10:35:27,EURUSD,train,1,RSI Mean Reversion,-127.19300000000001,https://www.quantconnect.com/project/28930245/74409985a79baa37193df33fe6b58d6f,-46.992,49.5,2111.0,-2.017,45.0,10000.0,5300.78,698.0,379.0,302.0,,17.0,20,2.0,1.0,30,12,0.5,5,25,75,200,5,240,20,0,0,,
2026-03-18T10:35:53,EURUSD,train,1,RSI Mean Reversion,-7.497,https://www.quantconnect.com/project/28930245/5a6711bbaa2aaeb56ec74a45b91d2cfa,-5.136,6.3,388.0,-0.787,47.0,10000.0,9486.44,125.0,59.0,53.0,13.0,,20,2.0,1.0,30,12,0.5,5,25,75,200,30,60,20,1,1,,
2026-03-18T10:36:22,EURUSD,train,1,RSI Mean Reversion,-17.695999999999998,https://www.quantconnect.com/project/28930245/d3627f35c7f79aac9a5732068fbbe50b,-0.905,1.2,128.0,-2.597,45.0,10000.0,9909.5,40.0,18.0,14.0,8.0,,10,2.5,1.0,20,3,0.15,10,25,70,100,30,240,50,0,1,,
2026-03-18T10:36:56,EURUSD,train,1,RSI Mean Reversion,-6.785,https://www.quantconnect.com/project/28930245/992979a0203240bdaf7ee914c299add8,-4.475,8.3,483.0,-0.77,48.0,10000.0,9552.55,145.0,51.0,46.0,48.0,,10,3.0,1.0,20,12,0.5,7,25,70,100,30,60,30,0,1,,
2026-03-18T10:37:25,EURUSD,train,1,RSI Mean Reversion,-11.767,https://www.quantconnect.com/project/28930245/963d51772b05fe29a44919b2b277c3a8,-6.479,8.3,817.0,-1.396,30.0,10000.0,9352.09,272.0,190.0,81.0,,1.0,10,2.0,2.0,96,3,0.15,7,25,75,200,5,240,50,0,0,,
2026-03-18T10:37:47,EURUSD,train,1,RSI Mean Reversion,0.8820000000000001,https://www.quantconnect.com/project/28930245/9591d75bace09a3ac8bbfb2d66b58fd6,1.971,3.0,318.0,-0.363,55.0,10000.0,10197.1,105.0,47.0,55.0,,3.0,20,2.0,1.0,30,12,0.25,7,25,75,200,30,60,20,0,0,,
2026-03-18T10:38:09,EURUSD,train,1,RSI Mean Reversion,-20.182,https://www.quantconnect.com/project/28930245/2c9bf151e2235d2a43f1e237e637b2b8,-1.126,1.6,48.0,-2.102,33.0,10000.0,9887.41,15.0,10.0,2.0,3.0,,10,2.0,2.0,20,12,0.25,10,25,75,100,30,60,30,0,1,,
2026-03-18T10:38:49,EURUSD,train,1,RSI Mean Reversion,-4.707000000000001,https://www.quantconnect.com/project/28930245/cd8fde033edce5647d37fa7c5c293f4e,-1.35,3.6,674.0,-1.119,50.0,10000.0,9864.95,220.0,103.0,103.0,,14.0,10,2.0,1.0,20,12,0.15,10,30,70,200,5,60,50,0,0,,
2026-03-18T10:39:25,EURUSD,train,1,RSI Mean Reversion,-1000000000,https://www.quantconnect.com/project/28930245/8a265b37d2822fb50f5382b5cff534a7,0.0,0.0,0.0,0.0,0.0,10000.0,10000.0,0.0,,,,,20,1.5,1.5,30,3,0.25,7,30,80,20,15,60,20,0,0,,
2026-03-18T10:39:54,EURUSD,train,1,RSI Mean Reversion,-17.085,https://www.quantconnect.com/project/28930245/50efdcff714fd6e1c49b2549916061f5,-13.23,15.2,744.0,-1.185,36.0,10000.0,8677.03,248.0,158.0,90.0,,,10,1.5,1.5,96,5,0.35,5,35,75,50,15,240,30,0,0,,
2026-03-18T10:37:47,EURUSD,train,1,RSI Mean Reversion,0.8820000000000001,https://www.quantconnect.com/project/28930245/9591d75bace09a3ac8bbfb2d66b58fd6,1.971,3.0,318.0,-0.363,55.0,10000.0,10197.1,105.0,47.0,55.0,,3.0,20,2.0,1.0,30,12,0.25,7,25,75,200,30,60,20,0,0,,
2026-03-18T10:38:49,EURUSD,train,1,RSI Mean Reversion,-4.707000000000001,https://www.quantconnect.com/project/28930245/cd8fde033edce5647d37fa7c5c293f4e,-1.35,3.6,674.0,-1.119,50.0,10000.0,9864.95,220.0,103.0,103.0,,14.0,10,2.0,1.0,20,12,0.15,10,30,70,200,5,60,50,0,0,,
2026-03-18T10:32:31,EURUSD,train,1,RSI Mean Reversion,-4.773,https://www.quantconnect.com/project/28930245/a4c28504e60392232bcdf6b30529c30d,-1.794,2.7,466.0,-0.993,49.0,10000.0,9820.61,145.0,58.0,56.0,31.0,,10,2.5,1.0,20,12,0.25,7,25,70,100,30,60,30,0,1,,
2026-03-18T10:27:55,EURUSD,train,1,RSI Mean Reversion,-5.303,https://www.quantconnect.com/project/28930245/6fddcb93ad302602e9d24a4deb26bdca,-1.757,2.9,426.0,-1.182,36.0,10000.0,9824.31,134.0,79.0,31.0,,24.0,10,2.0,2.0,30,3,0.15,10,30,75,200,5,240,50,0,0,,
2026-03-18T10:25:13,EURUSD,train,1,RSI Mean Reversion,-5.49,https://www.quantconnect.com/project/28930245/c7e042c9e93647ab6df24565f2b060da,-3.6,5.5,381.0,-0.63,49.0,10000.0,9640.01,125.0,62.0,57.0,,6.0,20,2.0,1.0,30,12,0.5,5,25,75,200,30,60,20,1,0,,
2026-03-18T10:40:37,EURUSD,train,1,RSI Mean Reversion,-67.292,https://www.quantconnect.com/project/28930245/bd909094a6547c532c4084607033abc7,-27.936,30.0,1547.0,-1.302,48.0,10000.0,7206.4,509.0,259.0,230.0,,20.0,10,2.0,1.0,30,12,0.5,5,25,75,200,5,60,50,1,0,,
2026-03-18T10:41:18,EURUSD,train,1,RSI Mean Reversion,-13.738999999999999,https://www.quantconnect.com/project/28930245/ec98a708b3d14cd51e8c070620754daf,-1.943,3.2,158.0,-1.532,44.0,10000.0,9805.71,52.0,29.0,21.0,,2.0,20,2.0,1.0,30,12,0.25,7,25,75,200,30,60,20,1,0,,
2026-03-18T10:41:50,EURUSD,train,1,RSI Mean Reversion,-22.898,https://www.quantconnect.com/project/28930245/ac4c6c9dacb18088924a849ca215acc0,-0.326,1.1,38.0,-3.124,33.0,10000.0,9967.41,12.0,8.0,2.0,,2.0,10,2.0,2.0,30,3,0.15,10,25,75,200,30,60,20,0,0,,
2026-03-18T10:42:14,EURUSD,train,1,RSI Mean Reversion,-9.118,https://www.quantconnect.com/project/28930245/129668da5fbffee2bcd814bb0c6570b5,-3.102,4.0,901.0,-1.372,49.0,10000.0,9689.85,288.0,132.0,119.0,37.0,,10,2.0,1.0,20,12,0.15,7,30,70,200,30,60,50,0,1,,
2026-03-18T10:42:45,EURUSD,train,1,RSI Mean Reversion,-40.673,https://www.quantconnect.com/project/28930245/fc4575f888e467020d96d845b37ac6cf,-14.05,14.6,1983.0,-2.091,45.0,10000.0,8595.04,657.0,352.0,293.0,,12.0,20,2.0,1.0,30,12,0.15,7,30,70,200,5,60,20,0,0,,
2026-03-18T10:44:12,EURUSD,train,1,RSI Mean Reversion,-19.137,https://www.quantconnect.com/project/28930245/18792d936f750432c4cf8a204c6bc2ad,-0.942,1.9,61.0,-1.965,39.0,10000.0,9905.8,18.0,10.0,1.0,7.0,,10,2.5,2.0,30,3,0.25,10,25,75,100,30,60,50,0,1,,
2026-03-18T10:44:41,EURUSD,train,1,RSI Mean Reversion,-11.084,https://www.quantconnect.com/project/28930245/e54ef12937fc96a22df8173b33df1c34,-0.485,2.4,127.0,-0.633,50.0,10000.0,9951.46,42.0,20.0,21.0,,1.0,20,2.0,1.0,20,12,0.5,10,25,75,200,5,60,20,1,0,,
2026-03-18T10:46:19,EURUSD,train,1,RSI Mean Reversion,-4.848,https://www.quantconnect.com/project/28930245/94d7328314e910f1d536aa4cf225bd5d,-1.812,3.2,359.0,-1.012,50.0,10000.0,9818.85,117.0,58.0,51.0,,8.0,20,2.0,1.0,20,12,0.25,7,25,70,100,30,60,20,0,0,,
2026-03-18T10:46:39,EURUSD,train,1,RSI Mean Reversion,-1000000000,https://www.quantconnect.com/project/28930245/39efa5ba5b64824f737715f95dee117f,-0.25,0.2,3.0,-8.099,0.0,10000.0,9975.02,1.0,1.0,,,,20,3.0,1.5,48,5,0.25,14,30,80,100,30,240,20,0,0,,
2026-03-18T10:47:13,EURUSD,train,1,RSI Mean Reversion,-1000000000,https://www.quantconnect.com/project/28930245/6e1dd91ccdb5991d3893132f939538a0,0.0,0.0,0.0,0.0,0.0,10000.0,10000.0,0.0,,,,,10,2.5,1.25,20,8,0.15,14,25,75,50,5,240,30,0,0,,
2026-03-18T10:37:47,EURUSD,train,1,RSI Mean Reversion,0.8820000000000001,https://www.quantconnect.com/project/28930245/9591d75bace09a3ac8bbfb2d66b58fd6,1.971,3.0,318.0,-0.363,55.0,10000.0,10197.1,105.0,47.0,55.0,,3.0,20,2.0,1.0,30,12,0.25,7,25,75,200,30,60,20,0,0,,
2026-03-18T10:38:49,EURUSD,train,1,RSI Mean Reversion,-4.707000000000001,https://www.quantconnect.com/project/28930245/cd8fde033edce5647d37fa7c5c293f4e,-1.35,3.6,674.0,-1.119,50.0,10000.0,9864.95,220.0,103.0,103.0,,14.0,10,2.0,1.0,20,12,0.15,10,30,70,200,5,60,50,0,0,,
2026-03-18T10:32:31,EURUSD,train,1,RSI Mean Reversion,-4.773,https://www.quantconnect.com/project/28930245/a4c28504e60392232bcdf6b30529c30d,-1.794,2.7,466.0,-0.993,49.0,10000.0,9820.61,145.0,58.0,56.0,31.0,,10,2.5,1.0,20,12,0.25,7,25,70,100,30,60,30,0,1,,
2026-03-18T10:46:19,EURUSD,train,1,RSI Mean Reversion,-4.848,https://www.quantconnect.com/project/28930245/94d7328314e910f1d536aa4cf225bd5d,-1.812,3.2,359.0,-1.012,50.0,10000.0,9818.85,117.0,58.0,51.0,,8.0,20,2.0,1.0,20,12,0.25,7,25,70,100,30,60,20,0,0,,
2026-03-18T10:27:55,EURUSD,train,1,RSI Mean Reversion,-5.303,https://www.quantconnect.com/project/28930245/6fddcb93ad302602e9d24a4deb26bdca,-1.757,2.9,426.0,-1.182,36.0,10000.0,9824.31,134.0,79.0,31.0,,24.0,10,2.0,2.0,30,3,0.15,10,30,75,200,5,240,50,0,0,,
2026-03-18T10:47:43,EURUSD,train,1,RSI Mean Reversion,-11.099,https://www.quantconnect.com/project/28930245/d98e0f336238af0ed99eec1200dda36d,-6.908,8.3,385.0,-1.397,32.0,10000.0,9309.15,123.0,81.0,26.0,,16.0,10,2.0,2.0,30,3,0.25,10,25,70,200,5,240,50,0,0,,
2026-03-18T10:48:09,EURUSD,train,1,RSI Mean Reversion,-4.334,https://www.quantconnect.com/project/28930245/68015e8dafccc956c6804d146db84f03,-2.024,5.5,494.0,-0.77,42.0,10000.0,9797.57,151.0,82.0,28.0,,41.0,10,2.5,2.0,20,3,0.25,7,30,75,100,30,240,50,0,0,,
2026-03-18T10:48:41,EURUSD,train,1,RSI Mean Reversion,-2.747,https://www.quantconnect.com/project/28930245/0d1d501e6fef5711dd4cf8c8212989fc,-0.236,2.9,332.0,-0.837,53.0,10000.0,9976.45,104.0,43.0,41.0,,20.0,20,3.0,1.0,30,12,0.25,7,25,75,200,30,60,20,0,0,,
2026-03-18T10:49:05,EURUSD,train,1,RSI Mean Reversion,-0.025999999999999912,https://www.quantconnect.com/project/28930245/542e07fe4a6dc11c729cebfd3fb94021,0.826,6.9,324.0,-0.284,51.0,10000.0,10082.65,105.0,46.0,50.0,9.0,,20,2.0,1.0,30,12,0.5,7,25,75,200,30,60,20,0,1,,
2026-03-18T10:49:31,EURUSD,train,1,RSI Mean Reversion,-7.093,https://www.quantconnect.com/project/28930245/7376bafb8cc8831312dceb1f465364d8,-2.728,3.9,459.0,-1.455,37.0,10000.0,9727.24,141.0,79.0,26.0,,36.0,10,2.0,2.0,20,12,0.15,10,30,75,200,5,60,50,0,0,,
2026-03-18T10:50:06,EURUSD,train,1,RSI Mean Reversion,-7.033,https://www.quantconnect.com/project/28930245/10c89544c1d1f6b138724f20bcca3f96,-2.542,4.0,504.0,-1.497,40.0,10000.0,9745.76,150.0,77.0,19.0,54.0,,10,2.5,2.0,20,12,0.15,7,30,75,100,30,240,50,0,1,,
2026-03-18T10:50:31,EURUSD,train,1,RSI Mean Reversion,-6.734,https://www.quantconnect.com/project/28930245/a3ec59f8211ad5de2b1e1e9ce2849f24,-0.455,3.0,234.0,-0.943,51.0,10000.0,9954.53,77.0,38.0,36.0,,3.0,20,2.0,1.0,20,12,0.25,7,25,75,100,30,60,20,0,0,,
2026-03-18T10:50:55,EURUSD,train,1,RSI Mean Reversion,-3.343,https://www.quantconnect.com/project/28930245/b60d524c85af5db9be131a28654de35c,0.164,2.4,320.0,-1.169,52.0,10000.0,10016.4,106.0,51.0,53.0,,2.0,10,2.0,1.0,30,3,0.15,7,25,75,200,30,60,20,0,0,,
2026-03-18T10:51:20,EURUSD,train,1,RSI Mean Reversion,-1000000000,https://www.quantconnect.com/project/28930245/0b37589cba327c49b943bf4982404cad,0.0,0.0,0.0,0.0,0.0,10000.0,10000.0,0.0,,,,,14,1.5,1.0,96,8,0.15,5,20,75,20,5,240,50,0,0,,
2026-03-18T10:51:45,EURUSD,train,1,RSI Mean Reversion,-51.784,https://www.quantconnect.com/project/28930245/728618024a0fc15ab6886ebf26739c4a,-13.748,15.6,2691.0,-1.962,46.0,10000.0,8625.2,875.0,441.0,368.0,,66.0,14,3.0,1.0,48,5,0.15,5,35,65,200,15,240,20,0,0,,
2026-03-18T10:37:47,EURUSD,train,1,RSI Mean Reversion,0.8820000000000001,https://www.quantconnect.com/project/28930245/9591d75bace09a3ac8bbfb2d66b58fd6,1.971,3.0,318.0,-0.363,55.0,10000.0,10197.1,105.0,47.0,55.0,,3.0,20,2.0,1.0,30,12,0.25,7,25,75,200,30,60,20,0,0,,
2026-03-18T10:49:05,EURUSD,train,1,RSI Mean Reversion,-0.025999999999999912,https://www.quantconnect.com/project/28930245/542e07fe4a6dc11c729cebfd3fb94021,0.826,6.9,324.0,-0.284,51.0,10000.0,10082.65,105.0,46.0,50.0,9.0,,20,2.0,1.0,30,12,0.5,7,25,75,200,30,60,20,0,1,,
2026-03-18T10:48:41,EURUSD,train,1,RSI Mean Reversion,-2.747,https://www.quantconnect.com/project/28930245/0d1d501e6fef5711dd4cf8c8212989fc,-0.236,2.9,332.0,-0.837,53.0,10000.0,9976.45,104.0,43.0,41.0,,20.0,20,3.0,1.0,30,12,0.25,7,25,75,200,30,60,20,0,0,,
2026-03-18T10:50:55,EURUSD,train,1,RSI Mean Reversion,-3.343,https://www.quantconnect.com/project/28930245/b60d524c85af5db9be131a28654de35c,0.164,2.4,320.0,-1.169,52.0,10000.0,10016.4,106.0,51.0,53.0,,2.0,10,2.0,1.0,30,3,0.15,7,25,75,200,30,60,20,0,0,,
2026-03-18T10:48:09,EURUSD,train,1,RSI Mean Reversion,-4.334,https://www.quantconnect.com/project/28930245/68015e8dafccc956c6804d146db84f03,-2.024,5.5,494.0,-0.77,42.0,10000.0,9797.57,151.0,82.0,28.0,,41.0,10,2.5,2.0,20,3,0.25,7,30,75,100,30,240,50,0,0,,
2026-03-18T10:52:08,EURUSD,train,1,RSI Mean Reversion,-1.3609999999999998,https://www.quantconnect.com/project/28930245/a5f7f05e70903ee4811418b7bf5a272c,1.186,1.8,318.0,-0.849,55.0,10000.0,10118.64,105.0,47.0,55.0,,3.0,20,2.0,1.0,30,12,0.15,7,25,75,200,30,60,20,0,0,,
2026-03-18T10:53:58,EURUSD,train,1,RSI Mean Reversion,-3.0229999999999997,https://www.quantconnect.com/project/28930245/bfe75b276e433be4aa944847869d9556,0.487,1.3,336.0,-1.17,53.0,10000.0,10048.72,105.0,40.0,44.0,,21.0,10,3.0,1.0,30,3,0.15,7,25,75,200,30,60,20,0,0,,
2026-03-18T10:54:25,EURUSD,train,1,RSI Mean Reversion,-3.9330000000000003,https://www.quantconnect.com/project/28930245/8b97aedd6b33a2ab5bf2c58a7dec5a8c,0.015,1.6,335.0,-1.316,53.0,10000.0,10001.51,105.0,43.0,42.0,,20.0,20,3.0,1.0,30,3,0.15,7,25,75,200,30,60,20,0,0,,
2026-03-18T10:54:55,EURUSD,train,1,RSI Mean Reversion,-6.569000000000001,https://www.quantconnect.com/project/28930245/251546b87276bc969d4344b1ae6d84f1,-2.834,3.9,329.0,-1.245,45.0,10000.0,9716.6,108.0,56.0,47.0,,5.0,10,2.0,1.0,30,3,0.25,7,25,75,100,30,240,20,0,0,,
2026-03-18T10:55:23,EURUSD,train,1,RSI Mean Reversion,-0.09800000000000009,https://www.quantconnect.com/project/28930245/d42cb56489a0f18040c5dd7242a8f5d2,1.069,5.3,514.0,-0.389,44.0,10000.0,10106.87,151.0,67.0,23.0,,61.0,10,3.0,2.0,30,3,0.25,7,30,75,100,30,240,50,0,0,,
2026-03-18T10:55:46,EURUSD,train,1,RSI Mean Reversion,-1.532,https://www.quantconnect.com/project/28930245/ff3cd5158105e2756c8cb615331a1377,0.445,3.5,324.0,-0.659,51.0,10000.0,10044.48,105.0,46.0,50.0,9.0,,20,2.0,1.0,30,12,0.25,7,25,75,200,30,60,20,0,1,,
2026-03-18T10:56:10,EURUSD,train,1,RSI Mean Reversion,-4.368,https://www.quantconnect.com/project/28930245/7ca3b68ec84427c26ac43fe069a427ab,1.962,1.7,204.0,-0.46,58.0,10000.0,10196.16,67.0,28.0,36.0,,3.0,20,2.0,1.0,30,12,0.25,7,20,75,200,30,60,20,0,0,,
2026-03-18T10:56:37,EURUSD,train,1,RSI Mean Reversion,-1.8439999999999999,https://www.quantconnect.com/project/28930245/a340cdca48eac679aa25b00b7c333c0d,-0.527,5.8,332.0,-0.439,53.0,10000.0,9947.34,104.0,43.0,41.0,,20.0,20,3.0,1.0,30,12,0.5,7,25,75,200,30,60,20,0,0,,
2026-03-18T10:57:15,EURUSD,train,1,RSI Mean Reversion,-12.613,https://www.quantconnect.com/project/28930245/38580d89e40d54eae5ba1ea4ef4df3bd,-4.159,9.4,169.0,-0.568,36.0,10000.0,9584.05,55.0,34.0,17.0,3.0,1.0,10,2.0,2.0,60,12,0.5,7,20,70,50,5,60,50,0,1,,
2026-03-18T10:57:43,EURUSD,train,1,RSI Mean Reversion,-1000000000,https://www.quantconnect.com/project/28930245/acaa569d49e0185e89a0ca33f5f6203c,0.0,0.0,0.0,0.0,0.0,10000.0,10000.0,0.0,,,,,20,3.0,1.0,48,12,0.35,14,20,70,20,15,240,30,1,0,,
2026-03-18T10:58:00,EURUSD,validation,1,RSI Mean Reversion,-25.927,https://www.quantconnect.com/project/28930245/ac556db65a001ce59e9013d5e8469631,-1.45,1.5,105.0,-4.909,43.0,10000.0,9854.96,35.0,20.0,15.0,,,20,2.0,1.0,30,12,0.25,7,25,75,200,30,60,20,0,0,0.8820000000000001,
2026-03-18T10:58:29,EURUSD,validation,1,RSI Mean Reversion,-21.196,https://www.quantconnect.com/project/28930245/fa6c46aa1ee31f251280834ae403edc0,-2.902,3.1,105.0,-2.848,43.0,10000.0,9709.79,35.0,20.0,15.0,,,20,2.0,1.0,30,12,0.5,7,25,75,200,30,60,20,0,1,-0.025999999999999912,
2026-03-18T10:58:52,EURUSD,validation,1,RSI Mean Reversion,-17.489,https://www.quantconnect.com/project/28930245/748a5a81c0fd03e77679c9401c552c33,-1.73,2.9,198.0,-3.253,38.0,10000.0,9826.99,60.0,33.0,9.0,,18.0,10,3.0,2.0,30,3,0.25,7,30,75,100,30,240,50,0,0,-0.09800000000000009,
2026-03-18T11:00:16,EURUSD,validation,1,RSI Mean Reversion,-1000000000,,,,,,,,,,,,,,20,2.0,1.0,30,12,0.15,7,25,75,200,30,60,20,0,0,-1.3609999999999998,
2026-03-18T11:00:43,EURUSD,validation,1,RSI Mean Reversion,-25.927,https://www.quantconnect.com/project/28930245/9848f1c71f8c98ab20ed1eb5f36d3b96,-1.45,1.5,105.0,-4.909,43.0,10000.0,9854.96,35.0,20.0,15.0,,,20,2.0,1.0,30,12,0.25,7,25,75,200,30,60,20,0,1,-1.532,
2026-03-18T11:01:00,EURUSD,validation,1,RSI Mean Reversion,-24.022,https://www.quantconnect.com/project/28930245/c08d13815a8424d537bc88405f47649c,-3.994,5.3,110.0,-3.426,40.0,10000.0,9600.57,35.0,19.0,11.0,,5.0,20,3.0,1.0,30,12,0.5,7,25,75,200,30,60,20,0,0,-1.8439999999999999,
2026-03-18T11:04:04,EURUSD,test,1,RSI Mean Reversion,-15.446,https://www.quantconnect.com/project/28930245/e2ca5e63eefbc013227d682a5c33a44d,-3.53,5.3,333.0,-3.972,35.0,10000.0,9646.96,100.0,53.0,14.0,,33.0,10,3.0,2.0,30,3,0.25,7,30,75,100,30,240,50,0,0,-0.09800000000000009,-17.489
2026-03-18T11:04:32,EURUSD,test,1,RSI Mean Reversion,-23.557000000000002,https://www.quantconnect.com/project/28930245/02cfa4bf0b6f65189103c26ae86b0127,-9.052,10.0,225.0,-3.385,39.0,10000.0,9094.82,71.0,38.0,22.0,12.0,,20,2.0,1.0,30,12,0.5,7,25,75,200,30,60,20,0,1,-0.025999999999999912,-21.196
2026-03-18T11:04:56,EURUSD,test,1,RSI Mean Reversion,-18.427,https://www.quantconnect.com/project/28930245/970764e52638604ce522e58990419703,-4.867,6.9,230.0,-3.07,42.0,10000.0,9513.3,71.0,30.0,24.0,,17.0,20,3.0,1.0,30,12,0.5,7,25,75,200,30,60,20,0,0,-1.8439999999999999,-24.022
